Workbook

Sheet ticket
A1: ticket_id | B1: created_at | C1: closed_at | D1: outlet_id | E1: cms_id | F1: Same_Day_Flag | G1: Same_Hour_Flag
A2: isu-sjd-457 | B2: 2021-08-19 16:45:43 | C2: 2021-08-22 12:33:32 | D2: wrqy-juv-978 | E2: vew-iuvd-12 | F2: =IF(INT(B2)=INT(C2),1,0) -> 0 | G2: =IF(INT(B2)=INT(C2),IF(HOUR(B2)=HOUR(C2),1,0),0) -> 0
A3: qer-fal-092 | B3: 2021-08-21 11:09:22 | C3: 2021-08-21 17:13:45 | D3: 8woh-k3u-23b | E3: cms-002-abc | F3: =IF(INT(B3)=INT(C3),1,0) -> 1 | G3: =IF(INT(B3)=INT(C3),IF(HOUR(B3)=HOUR(C3),1,0),0) -> 0
A4: abc-xyz-001 | B4: 2021-09-05 08:00:00 | C4: 2021-09-05 08:45:00 | D4: wrqy-juv-978 | E4: cms-003-def | F4: =IF(INT(B4)=INT(C4),1,0) -> 1 | G4: =IF(INT(B4)=INT(C4),IF(HOUR(B4)=HOUR(C4),1,0),0) -> 1
A5: def-uvw-002 | B5: 2021-09-10 10:30:00 | C5: 2021-09-10 11:20:00 | D5: 8woh-k3u-23b | E5: cms-004-ghi | F5: =IF(INT(B5)=INT(C5),1,0) -> 1 | G5: =IF(INT(B5)=INT(C5),IF(HOUR(B5)=HOUR(C5),1,0),0) -> 0
A6: ghi-rst-003 | B6: 2021-09-12 14:00:00 | C6: 2021-09-13 09:00:00 | D6: wrqy-juv-978 | E6: cms-005-jkl | F6: =IF(INT(B6)=INT(C6),1,0) -> 0 | G6: =IF(INT(B6)=INT(C6),IF(HOUR(B6)=HOUR(C6),1,0),0) -> 0
A7: jkl-opq-004 | B7: 2021-10-01 09:15:00 | C7: 2021-10-01 09:55:00 | D7: 8woh-k3u-23b | E7: cms-006-mno | F7: =IF(INT(B7)=INT(C7),1,0) -> 1 | G7: =IF(INT(B7)=INT(C7),IF(HOUR(B7)=HOUR(C7),1,0),0) -> 1
A8: mno-lmn-005 | B8: 2021-10-03 11:00:00 | C8: 2021-10-04 11:00:00 | D8: wrqy-juv-978 | E8: cms-007-pqr | F8: =IF(INT(B8)=INT(C8),1,0) -> 0 | G8: =IF(INT(B8)=INT(C8),IF(HOUR(B8)=HOUR(C8),1,0),0) -> 0
A9: pqr-ijk-006 | B9: 2021-10-07 15:30:00 | C9: 2021-10-07 15:58:00 | D9: 8woh-k3u-23b | E9: cms-008-stu | F9: =IF(INT(B9)=INT(C9),1,0) -> 1 | G9: =IF(INT(B9)=INT(C9),IF(HOUR(B9)=HOUR(C9),1,0),0) -> 1

Sheet feedbacks
A1: cms_id | B1: feedback_at | C1: feedback_rating | D1: ticket_created_at (Q1 — INDEX/MATCH)
A2: vew-iuvd-12 | B2: 2021-08-21 13:26:48 | C2: 3 | D2: =IFERROR(INDEX(ticket!$B:$B,MATCH(A2,ticket!$E:$E,0)),"Not Found") -> 2021-08-19 16:45:43
A3: cms-002-abc | B3: 2021-08-22 09:00:00 | C3: 4 | D3: =IFERROR(INDEX(ticket!$B:$B,MATCH(A3,ticket!$E:$E,0)),"Not Found") -> 2021-08-21 11:09:22
A4: cms-003-def | B4: 2021-09-05 10:00:00 | C4: 5 | D4: =IFERROR(INDEX(ticket!$B:$B,MATCH(A4,ticket!$E:$E,0)),"Not Found") -> 2021-09-05 08:00:00
A5: cms-004-ghi | B5: 2021-09-11 08:00:00 | C5: 2 | D5: =IFERROR(INDEX(ticket!$B:$B,MATCH(A5,ticket!$E:$E,0)),"Not Found") -> 2021-09-10 10:30:00
A6: cms-006-mno | B6: 2021-10-02 08:00:00 | C6: 4 | D6: =IFERROR(INDEX(ticket!$B:$B,MATCH(A6,ticket!$E:$E,0)),"Not Found") -> 2021-10-01 09:15:00
A7: cms-008-stu | B7: 2021-10-08 09:00:00 | C7: 5 | D7: =IFERROR(INDEX(ticket!$B:$B,MATCH(A7,ticket!$E:$E,0)),"Not Found") -> 2021-10-07 15:30:00

Sheet Analysis
A1: Ticket Analysis — Outlet-wise Count
A3: Q2a — Tickets created AND closed on the SAME DAY
A4: outlet_id | B4: Same-day count (COUNTIFS)
A5: wrqy-juv-978 | B5: =COUNTIFS(ticket!$D:$D,A5,ticket!$F:$F,1) -> 1
A6: 8woh-k3u-23b | B6: =COUNTIFS(ticket!$D:$D,A6,ticket!$F:$F,1) -> 4
A9: Q2b — Tickets created AND closed in the SAME HOUR of the SAME DAY
A10: outlet_id | B10: Same-hour count (COUNTIFS)
A11: wrqy-juv-978 | B11: =COUNTIFS(ticket!$D:$D,A11,ticket!$G:$G,1) -> 1
A12: 8woh-k3u-23b | B12: =COUNTIFS(ticket!$D:$D,A12,ticket!$G:$G,1) -> 2
A15: Legend:
A16: Green cells = Excel formula (auto-calculated)
A17: Yellow cells = Formula pulling from another sheet
A18: Same_Day_Flag (ticket col F) = IF(INT(created_at)=INT(closed_at), 1, 0)
A19: Same_Hour_Flag (ticket col G) = IF(same date AND HOUR(created)=HOUR(closed), 1, 0)
